﻿<?xml version="1.0" encoding="utf-8"?>
<TextureAtlas imagePath="mattsword.png">
	<!-- Created with Adobe Animate version 21.0.4.39603 -->
	<!-- http://www.adobe.com/products/animate.html -->
	<SubTexture name="Matt FightDown0000" x="0" y="0" width="510" height="398" pivotX="312.5" pivotY="201" frameX="0" frameY="-16" frameWidth="524" frameHeight="415"/>
	<SubTexture name="Matt FightDown0001" x="0" y="0" width="510" height="398" frameX="0" frameY="-16" frameWidth="524" frameHeight="415"/>
	<SubTexture name="Matt FightDown0002" x="510" y="0" width="512" height="404" frameX="0" frameY="-10" frameWidth="524" frameHeight="415"/>
	<SubTexture name="Matt FightDown0003" x="510" y="0" width="512" height="404" frameX="0" frameY="-10" frameWidth="524" frameHeight="415"/>
	<SubTexture name="Matt FightDown0004" x="1022" y="0" width="517" height="414" frameX="0" frameY="-1" frameWidth="524" frameHeight="415"/>
	<SubTexture name="Matt FightDown0005" x="1022" y="0" width="517" height="414" frameX="0" frameY="-1" frameWidth="524" frameHeight="415"/>
	<SubTexture name="Matt FightDown0006" x="1539" y="0" width="520" height="414" frameX="0" frameY="-1" frameWidth="524" frameHeight="415"/>
	<SubTexture name="Matt FightDown0007" x="1539" y="0" width="520" height="414" frameX="0" frameY="-1" frameWidth="524" frameHeight="415"/>
	<SubTexture name="Matt FightDown0008" x="2059" y="0" width="524" height="415"/>
	<SubTexture name="Matt FightDown0009" x="2059" y="0" width="524" height="415"/>
	<SubTexture name="Matt FightDown0010" x="2059" y="0" width="524" height="415"/>
	<SubTexture name="Matt FightDown0011" x="2059" y="0" width="524" height="415"/>
	<SubTexture name="Matt FightDown0012" x="2059" y="0" width="524" height="415"/>
	<SubTexture name="Matt FightDown0013" x="2059" y="0" width="524" height="415"/>
	<SubTexture name="Matt FightDown0014" x="2059" y="0" width="524" height="415"/>
	<SubTexture name="Matt FightDown0015" x="2059" y="0" width="524" height="415"/>
	<SubTexture name="Matt FightDown0016" x="2059" y="0" width="524" height="415"/>
	<SubTexture name="Matt FightDown0017" x="2059" y="0" width="524" height="415"/>
	<SubTexture name="Matt FightDown0018" x="2059" y="0" width="524" height="415"/>
	<SubTexture name="Matt FightIdle0000" x="2583" y="0" width="481" height="457" pivotX="301.15" pivotY="228.7" frameX="0" frameY="-9" frameWidth="481" frameHeight="466"/>
	<SubTexture name="Matt FightIdle0001" x="2583" y="0" width="481" height="457" frameX="0" frameY="-9" frameWidth="481" frameHeight="466"/>
	<SubTexture name="Matt FightIdle0002" x="3064" y="0" width="478" height="461" frameX="0" frameY="-5" frameWidth="481" frameHeight="466"/>
	<SubTexture name="Matt FightIdle0003" x="3064" y="0" width="478" height="461" frameX="0" frameY="-5" frameWidth="481" frameHeight="466"/>
	<SubTexture name="Matt FightIdle0004" x="3542" y="0" width="476" height="466" frameX="0" frameY="0" frameWidth="481" frameHeight="466"/>
	<SubTexture name="Matt FightIdle0005" x="3542" y="0" width="476" height="466" frameX="0" frameY="0" frameWidth="481" frameHeight="466"/>
	<SubTexture name="Matt FightIdle0006" x="0" y="466" width="472" height="466" frameX="0" frameY="0" frameWidth="481" frameHeight="466"/>
	<SubTexture name="Matt FightIdle0007" x="0" y="466" width="472" height="466" frameX="0" frameY="0" frameWidth="481" frameHeight="466"/>
	<SubTexture name="Matt FightIdle0008" x="0" y="466" width="472" height="466" frameX="0" frameY="0" frameWidth="481" frameHeight="466"/>
	<SubTexture name="Matt FightIdle0009" x="0" y="466" width="472" height="466" frameX="0" frameY="0" frameWidth="481" frameHeight="466"/>
	<SubTexture name="Matt FightIdle0010" x="0" y="466" width="472" height="466" frameX="0" frameY="0" frameWidth="481" frameHeight="466"/>
	<SubTexture name="Matt FightIdle0011" x="0" y="466" width="472" height="466" frameX="0" frameY="0" frameWidth="481" frameHeight="466"/>
	<SubTexture name="Matt FightIdle0012" x="0" y="466" width="472" height="466" frameX="0" frameY="0" frameWidth="481" frameHeight="466"/>
	<SubTexture name="Matt FightIdle0013" x="0" y="466" width="472" height="466" frameX="0" frameY="0" frameWidth="481" frameHeight="466"/>
	<SubTexture name="Matt FightLeft0000" x="472" y="466" width="505" height="436" pivotX="335.25" pivotY="226.55" frameX="-11" frameY="0" frameWidth="522" frameHeight="436"/>
	<SubTexture name="Matt FightLeft0001" x="472" y="466" width="505" height="436" frameX="-11" frameY="0" frameWidth="522" frameHeight="436"/>
	<SubTexture name="Matt FightLeft0002" x="977" y="466" width="516" height="434" frameX="0" frameY="-2" frameWidth="522" frameHeight="436"/>
	<SubTexture name="Matt FightLeft0003" x="977" y="466" width="516" height="434" frameX="0" frameY="-2" frameWidth="522" frameHeight="436"/>
	<SubTexture name="Matt FightLeft0004" x="1493" y="466" width="505" height="434" frameX="-7" frameY="-2" frameWidth="522" frameHeight="436"/>
	<SubTexture name="Matt FightLeft0005" x="1493" y="466" width="505" height="434" frameX="-7" frameY="-2" frameWidth="522" frameHeight="436"/>
	<SubTexture name="Matt FightLeft0006" x="1998" y="466" width="510" height="435" frameX="-7" frameY="-1" frameWidth="522" frameHeight="436"/>
	<SubTexture name="Matt FightLeft0007" x="1998" y="466" width="510" height="435" frameX="-7" frameY="-1" frameWidth="522" frameHeight="436"/>
	<SubTexture name="Matt FightLeft0008" x="2508" y="466" width="509" height="433" frameX="-13" frameY="-3" frameWidth="522" frameHeight="436"/>
	<SubTexture name="Matt FightLeft0009" x="2508" y="466" width="509" height="433" frameX="-13" frameY="-3" frameWidth="522" frameHeight="436"/>
	<SubTexture name="Matt FightLeft0010" x="2508" y="466" width="509" height="433" frameX="-13" frameY="-3" frameWidth="522" frameHeight="436"/>
	<SubTexture name="Matt FightLeft0011" x="2508" y="466" width="509" height="433" frameX="-13" frameY="-3" frameWidth="522" frameHeight="436"/>
	<SubTexture name="Matt FightLeft0012" x="2508" y="466" width="509" height="433" frameX="-13" frameY="-3" frameWidth="522" frameHeight="436"/>
	<SubTexture name="Matt FightLeft0013" x="2508" y="466" width="509" height="433" frameX="-13" frameY="-3" frameWidth="522" frameHeight="436"/>
	<SubTexture name="Matt FightLeft0014" x="2508" y="466" width="509" height="433" frameX="-13" frameY="-3" frameWidth="522" frameHeight="436"/>
	<SubTexture name="Matt FightLeft0015" x="2508" y="466" width="509" height="433" frameX="-13" frameY="-3" frameWidth="522" frameHeight="436"/>
	<SubTexture name="Matt FightLeft0016" x="2508" y="466" width="509" height="433" frameX="-13" frameY="-3" frameWidth="522" frameHeight="436"/>
	<SubTexture name="Matt FightLeft0017" x="2508" y="466" width="509" height="433" frameX="-13" frameY="-3" frameWidth="522" frameHeight="436"/>
	<SubTexture name="Matt FightLeft0018" x="2508" y="466" width="509" height="433" frameX="-13" frameY="-3" frameWidth="522" frameHeight="436"/>
	<SubTexture name="Matt FightLeft0019" x="2508" y="466" width="509" height="433" frameX="-13" frameY="-3" frameWidth="522" frameHeight="436"/>
	<SubTexture name="Matt FightLeft0020" x="2508" y="466" width="509" height="433" frameX="-13" frameY="-3" frameWidth="522" frameHeight="436"/>
	<SubTexture name="Matt FightLeft0021" x="2508" y="466" width="509" height="433" frameX="-13" frameY="-3" frameWidth="522" frameHeight="436"/>
	<SubTexture name="Matt FightLeft0022" x="2508" y="466" width="509" height="433" frameX="-13" frameY="-3" frameWidth="522" frameHeight="436"/>
	<SubTexture name="Matt FightRight0000" x="3017" y="466" width="675" height="438" pivotX="236.25" pivotY="210.4" frameX="0" frameY="-1" frameWidth="693" frameHeight="439"/>
	<SubTexture name="Matt FightRight0001" x="3017" y="466" width="675" height="438" frameX="0" frameY="-1" frameWidth="693" frameHeight="439"/>
	<SubTexture name="Matt FightRight0002" x="0" y="932" width="679" height="437" frameX="-14" frameY="-2" frameWidth="693" frameHeight="439"/>
	<SubTexture name="Matt FightRight0003" x="0" y="932" width="679" height="437" frameX="-14" frameY="-2" frameWidth="693" frameHeight="439"/>
	<SubTexture name="Matt FightRight0004" x="679" y="932" width="670" height="438" frameX="-23" frameY="-1" frameWidth="693" frameHeight="439"/>
	<SubTexture name="Matt FightRight0005" x="679" y="932" width="670" height="438" frameX="-23" frameY="-1" frameWidth="693" frameHeight="439"/>
	<SubTexture name="Matt FightRight0006" x="1349" y="932" width="666" height="438" frameX="-27" frameY="-1" frameWidth="693" frameHeight="439"/>
	<SubTexture name="Matt FightRight0007" x="1349" y="932" width="666" height="438" frameX="-27" frameY="-1" frameWidth="693" frameHeight="439"/>
	<SubTexture name="Matt FightRight0008" x="2015" y="932" width="665" height="438" frameX="-28" frameY="-1" frameWidth="693" frameHeight="439"/>
	<SubTexture name="Matt FightRight0009" x="2015" y="932" width="665" height="438" frameX="-28" frameY="-1" frameWidth="693" frameHeight="439"/>
	<SubTexture name="Matt FightRight0010" x="2680" y="932" width="664" height="438" frameX="-29" frameY="-1" frameWidth="693" frameHeight="439"/>
	<SubTexture name="Matt FightRight0011" x="2680" y="932" width="664" height="438" frameX="-29" frameY="-1" frameWidth="693" frameHeight="439"/>
	<SubTexture name="Matt FightRight0012" x="3344" y="932" width="664" height="437" frameX="-29" frameY="-2" frameWidth="693" frameHeight="439"/>
	<SubTexture name="Matt FightRight0013" x="3344" y="932" width="664" height="437" frameX="-29" frameY="-2" frameWidth="693" frameHeight="439"/>
	<SubTexture name="Matt FightRight0014" x="0" y="1370" width="664" height="439" frameX="-29" frameY="0" frameWidth="693" frameHeight="439"/>
	<SubTexture name="Matt FightRight0015" x="664" y="1370" width="664" height="439" frameX="-29" frameY="0" frameWidth="693" frameHeight="439"/>
	<SubTexture name="Matt FightRight0016" x="1328" y="1370" width="664" height="437" frameX="-29" frameY="-2" frameWidth="693" frameHeight="439"/>
	<SubTexture name="Matt FightRight0017" x="1328" y="1370" width="664" height="437" frameX="-29" frameY="-2" frameWidth="693" frameHeight="439"/>
	<SubTexture name="Matt FightRight0018" x="1328" y="1370" width="664" height="437" frameX="-29" frameY="-2" frameWidth="693" frameHeight="439"/>
	<SubTexture name="Matt FightRight0019" x="1328" y="1370" width="664" height="437" frameX="-29" frameY="-2" frameWidth="693" frameHeight="439"/>
	<SubTexture name="Matt FightRight0020" x="1328" y="1370" width="664" height="437" frameX="-29" frameY="-2" frameWidth="693" frameHeight="439"/>
	<SubTexture name="Matt FightUp0000" x="1992" y="1370" width="481" height="472" pivotX="307.05" pivotY="249.4" frameX="-3" frameY="-15" frameWidth="502" frameHeight="488"/>
	<SubTexture name="Matt FightUp0001" x="1992" y="1370" width="481" height="472" frameX="-3" frameY="-15" frameWidth="502" frameHeight="488"/>
	<SubTexture name="Matt FightUp0002" x="2473" y="1370" width="484" height="481" frameX="0" frameY="-7" frameWidth="502" frameHeight="488"/>
	<SubTexture name="Matt FightUp0003" x="2473" y="1370" width="484" height="481" frameX="0" frameY="-7" frameWidth="502" frameHeight="488"/>
	<SubTexture name="Matt FightUp0004" x="2473" y="1370" width="484" height="481" frameX="0" frameY="-7" frameWidth="502" frameHeight="488"/>
	<SubTexture name="Matt FightUp0005" x="2957" y="1370" width="481" height="487" frameX="-6" frameY="-1" frameWidth="502" frameHeight="488"/>
	<SubTexture name="Matt FightUp0006" x="2957" y="1370" width="481" height="487" frameX="-6" frameY="-1" frameWidth="502" frameHeight="488"/>
	<SubTexture name="Matt FightUp0007" x="3438" y="1370" width="480" height="488" frameX="-12" frameY="0" frameWidth="502" frameHeight="488"/>
	<SubTexture name="Matt FightUp0008" x="0" y="1858" width="472" height="488" frameX="-20" frameY="0" frameWidth="502" frameHeight="488"/>
	<SubTexture name="Matt FightUp0009" x="0" y="1858" width="472" height="488" frameX="-20" frameY="0" frameWidth="502" frameHeight="488"/>
	<SubTexture name="Matt FightUp0010" x="472" y="1858" width="472" height="486" frameX="-25" frameY="-2" frameWidth="502" frameHeight="488"/>
	<SubTexture name="Matt FightUp0011" x="472" y="1858" width="472" height="486" frameX="-25" frameY="-2" frameWidth="502" frameHeight="488"/>
	<SubTexture name="Matt FightUp0012" x="944" y="1858" width="462" height="488" frameX="-40" frameY="0" frameWidth="502" frameHeight="488"/>
	<SubTexture name="Matt FightUp0013" x="944" y="1858" width="462" height="488" frameX="-40" frameY="0" frameWidth="502" frameHeight="488"/>
	<SubTexture name="Matt FightUp0014" x="944" y="1858" width="462" height="488" frameX="-40" frameY="0" frameWidth="502" frameHeight="488"/>
</TextureAtlas>
