﻿<?xml version="1.0" encoding="utf-8"?>
<TextureAtlas imagePath="Waluigi_TennisMad.png">
	<!-- Created with Adobe Animate version 20.0.0.17400 -->
	<!-- http://www.adobe.com/products/animate.html -->
	<SubTexture name="down0000" x="0" y="0" width="906" height="1002"/>
	<SubTexture name="down0001" x="0" y="0" width="906" height="1002"/>
	<SubTexture name="down0002" x="906" y="0" width="906" height="1002"/>
	<SubTexture name="down0003" x="906" y="0" width="906" height="1002"/>
	<SubTexture name="down0004" x="906" y="0" width="906" height="1002"/>
	<SubTexture name="down0005" x="906" y="0" width="906" height="1002"/>
	<SubTexture name="down0006" x="906" y="0" width="906" height="1002"/>
	<SubTexture name="down0007" x="906" y="0" width="906" height="1002"/>
	<SubTexture name="down0008" x="906" y="0" width="906" height="1002"/>
	<SubTexture name="down0009" x="906" y="0" width="906" height="1002"/>
	<SubTexture name="down0010" x="906" y="0" width="906" height="1002"/>
	<SubTexture name="down0011" x="906" y="0" width="906" height="1002"/>
	<SubTexture name="idle0000" x="1812" y="0" width="906" height="1002" frameX="-2" frameY="-1" frameWidth="909" frameHeight="1003"/>
	<SubTexture name="idle0001" x="1812" y="0" width="906" height="1002" frameX="-2" frameY="-1" frameWidth="909" frameHeight="1003"/>
	<SubTexture name="idle0002" x="2718" y="0" width="906" height="1002" frameX="-3" frameY="0" frameWidth="909" frameHeight="1003"/>
	<SubTexture name="idle0003" x="2718" y="0" width="906" height="1002" frameX="-3" frameY="0" frameWidth="909" frameHeight="1003"/>
	<SubTexture name="idle0004" x="0" y="1002" width="906" height="1002" frameX="0" frameY="0" frameWidth="909" frameHeight="1003"/>
	<SubTexture name="idle0005" x="0" y="1002" width="906" height="1002" frameX="0" frameY="0" frameWidth="909" frameHeight="1003"/>
	<SubTexture name="idle0006" x="906" y="1002" width="906" height="1002" frameX="0" frameY="0" frameWidth="909" frameHeight="1003"/>
	<SubTexture name="idle0007" x="906" y="1002" width="906" height="1002" frameX="0" frameY="0" frameWidth="909" frameHeight="1003"/>
	<SubTexture name="idle0008" x="906" y="1002" width="906" height="1002" frameX="0" frameY="0" frameWidth="909" frameHeight="1003"/>
	<SubTexture name="idle0009" x="906" y="1002" width="906" height="1002" frameX="0" frameY="0" frameWidth="909" frameHeight="1003"/>
	<SubTexture name="idle0010" x="906" y="1002" width="906" height="1002" frameX="0" frameY="0" frameWidth="909" frameHeight="1003"/>
	<SubTexture name="idle0011" x="906" y="1002" width="906" height="1002" frameX="0" frameY="0" frameWidth="909" frameHeight="1003"/>
	<SubTexture name="left0000" x="1812" y="1002" width="906" height="1002" frameX="0" frameY="0" frameWidth="907" frameHeight="1002"/>
	<SubTexture name="left0001" x="1812" y="1002" width="906" height="1002" frameX="0" frameY="0" frameWidth="907" frameHeight="1002"/>
	<SubTexture name="left0002" x="2718" y="1002" width="906" height="1002" frameX="-1" frameY="0" frameWidth="907" frameHeight="1002"/>
	<SubTexture name="left0003" x="2718" y="1002" width="906" height="1002" frameX="-1" frameY="0" frameWidth="907" frameHeight="1002"/>
	<SubTexture name="left0004" x="2718" y="1002" width="906" height="1002" frameX="-1" frameY="0" frameWidth="907" frameHeight="1002"/>
	<SubTexture name="left0005" x="2718" y="1002" width="906" height="1002" frameX="-1" frameY="0" frameWidth="907" frameHeight="1002"/>
	<SubTexture name="left0006" x="2718" y="1002" width="906" height="1002" frameX="-1" frameY="0" frameWidth="907" frameHeight="1002"/>
	<SubTexture name="left0007" x="2718" y="1002" width="906" height="1002" frameX="-1" frameY="0" frameWidth="907" frameHeight="1002"/>
	<SubTexture name="left0008" x="2718" y="1002" width="906" height="1002" frameX="-1" frameY="0" frameWidth="907" frameHeight="1002"/>
	<SubTexture name="left0009" x="2718" y="1002" width="906" height="1002" frameX="-1" frameY="0" frameWidth="907" frameHeight="1002"/>
	<SubTexture name="right0000" x="0" y="2004" width="906" height="1002" frameX="0" frameY="-2" frameWidth="907" frameHeight="1004"/>
	<SubTexture name="right0001" x="0" y="2004" width="906" height="1002" frameX="0" frameY="-2" frameWidth="907" frameHeight="1004"/>
	<SubTexture name="right0002" x="906" y="2004" width="906" height="1002" frameX="-1" frameY="0" frameWidth="907" frameHeight="1004"/>
	<SubTexture name="right0003" x="906" y="2004" width="906" height="1002" frameX="-1" frameY="0" frameWidth="907" frameHeight="1004"/>
	<SubTexture name="right0004" x="906" y="2004" width="906" height="1002" frameX="-1" frameY="0" frameWidth="907" frameHeight="1004"/>
	<SubTexture name="right0005" x="906" y="2004" width="906" height="1002" frameX="-1" frameY="0" frameWidth="907" frameHeight="1004"/>
	<SubTexture name="right0006" x="906" y="2004" width="906" height="1002" frameX="-1" frameY="0" frameWidth="907" frameHeight="1004"/>
	<SubTexture name="right0007" x="906" y="2004" width="906" height="1002" frameX="-1" frameY="0" frameWidth="907" frameHeight="1004"/>
	<SubTexture name="right0008" x="906" y="2004" width="906" height="1002" frameX="-1" frameY="0" frameWidth="907" frameHeight="1004"/>
	<SubTexture name="right0009" x="906" y="2004" width="906" height="1002" frameX="-1" frameY="0" frameWidth="907" frameHeight="1004"/>
	<SubTexture name="up0000" x="1812" y="2004" width="906" height="1002" frameX="0" frameY="0" frameWidth="907" frameHeight="1002"/>
	<SubTexture name="up0001" x="1812" y="2004" width="906" height="1002" frameX="0" frameY="0" frameWidth="907" frameHeight="1002"/>
	<SubTexture name="up0002" x="2718" y="2004" width="906" height="1002" frameX="-1" frameY="0" frameWidth="907" frameHeight="1002"/>
	<SubTexture name="up0003" x="2718" y="2004" width="906" height="1002" frameX="-1" frameY="0" frameWidth="907" frameHeight="1002"/>
	<SubTexture name="up0004" x="2718" y="2004" width="906" height="1002" frameX="-1" frameY="0" frameWidth="907" frameHeight="1002"/>
	<SubTexture name="up0005" x="2718" y="2004" width="906" height="1002" frameX="-1" frameY="0" frameWidth="907" frameHeight="1002"/>
	<SubTexture name="up0006" x="2718" y="2004" width="906" height="1002" frameX="-1" frameY="0" frameWidth="907" frameHeight="1002"/>
	<SubTexture name="up0007" x="2718" y="2004" width="906" height="1002" frameX="-1" frameY="0" frameWidth="907" frameHeight="1002"/>
	<SubTexture name="up0008" x="2718" y="2004" width="906" height="1002" frameX="-1" frameY="0" frameWidth="907" frameHeight="1002"/>
	<SubTexture name="up0009" x="2718" y="2004" width="906" height="1002" frameX="-1" frameY="0" frameWidth="907" frameHeight="1002"/>
</TextureAtlas>
