﻿<?xml version="1.0" encoding="utf-8"?>
<TextureAtlas imagePath="Waluigi_Assets.png">
	<!-- Created with Adobe Animate version 20.0.0.17400 -->
	<!-- http://www.adobe.com/products/animate.html -->
	<SubTexture name="down0000" x="2895" y="2874" width="862" height="858"/>
	<SubTexture name="down0001" x="2895" y="2874" width="862" height="858"/>
	<SubTexture name="down0002" x="2899" y="961" width="862" height="858"/>
	<SubTexture name="down0003" x="2899" y="961" width="862" height="858"/>
	<SubTexture name="down0004" x="2899" y="961" width="862" height="858"/>
	<SubTexture name="down0005" x="2899" y="961" width="862" height="858"/>
	<SubTexture name="down0006" x="2899" y="961" width="862" height="858"/>
	<SubTexture name="down0007" x="2899" y="961" width="862" height="858"/>
	<SubTexture name="down0008" x="2899" y="961" width="862" height="858"/>
	<SubTexture name="down0009" x="2899" y="961" width="862" height="858"/>
	<SubTexture name="down0010" x="2899" y="961" width="862" height="858"/>
	<SubTexture name="down0011" x="2899" y="961" width="862" height="858"/>
	<SubTexture name="down0012" x="2899" y="961" width="862" height="858"/>
	<SubTexture name="down0013" x="2899" y="961" width="862" height="858"/>
	<SubTexture name="down0014" x="2899" y="961" width="862" height="858"/>
	<SubTexture name="idle0000" x="0" y="0" width="871" height="857"/>
	<SubTexture name="idle0001" x="0" y="0" width="871" height="857"/>
	<SubTexture name="idle0002" x="0" y="957" width="871" height="857"/>
	<SubTexture name="idle0003" x="0" y="957" width="871" height="857"/>
	<SubTexture name="idle0004" x="0" y="1914" width="871" height="857"/>
	<SubTexture name="idle0005" x="0" y="1914" width="871" height="857"/>
	<SubTexture name="idle0006" x="0" y="2871" width="871" height="857"/>
	<SubTexture name="idle0007" x="0" y="2871" width="871" height="857"/>
	<SubTexture name="idle0008" x="0" y="2871" width="871" height="857"/>
	<SubTexture name="idle0009" x="0" y="2871" width="871" height="857"/>
	<SubTexture name="idle0010" x="0" y="2871" width="871" height="857"/>
	<SubTexture name="idle0011" x="0" y="2871" width="871" height="857"/>
	<SubTexture name="idle0012" x="0" y="2871" width="871" height="857"/>
	<SubTexture name="idle0013" x="0" y="2871" width="871" height="857"/>
	<SubTexture name="idle0014" x="0" y="2871" width="871" height="857"/>
	<SubTexture name="left0000" x="971" y="1916" width="864" height="858"/>
	<SubTexture name="left0001" x="971" y="1916" width="864" height="858"/>
	<SubTexture name="left0002" x="1935" y="1916" width="864" height="858"/>
	<SubTexture name="left0003" x="1935" y="1916" width="864" height="858"/>
	<SubTexture name="left0004" x="1935" y="1916" width="864" height="858"/>
	<SubTexture name="left0005" x="1935" y="1916" width="864" height="858"/>
	<SubTexture name="left0006" x="1935" y="1916" width="864" height="858"/>
	<SubTexture name="left0007" x="1935" y="1916" width="864" height="858"/>
	<SubTexture name="left0008" x="1935" y="1916" width="864" height="858"/>
	<SubTexture name="left0009" x="1935" y="1916" width="864" height="858"/>
	<SubTexture name="left0010" x="1935" y="1916" width="864" height="858"/>
	<SubTexture name="left0011" x="1935" y="1916" width="864" height="858"/>
	<SubTexture name="left0012" x="1935" y="1916" width="864" height="858"/>
	<SubTexture name="left0013" x="1935" y="1916" width="864" height="858"/>
	<SubTexture name="left0014" x="1935" y="1916" width="864" height="858"/>
	<SubTexture name="right0000" x="971" y="0" width="866" height="858"/>
	<SubTexture name="right0001" x="971" y="0" width="866" height="858"/>
	<SubTexture name="right0002" x="971" y="958" width="866" height="858"/>
	<SubTexture name="right0003" x="971" y="958" width="866" height="858"/>
	<SubTexture name="right0004" x="971" y="958" width="866" height="858"/>
	<SubTexture name="right0005" x="971" y="958" width="866" height="858"/>
	<SubTexture name="right0006" x="971" y="958" width="866" height="858"/>
	<SubTexture name="right0007" x="971" y="958" width="866" height="858"/>
	<SubTexture name="right0008" x="971" y="958" width="866" height="858"/>
	<SubTexture name="right0009" x="971" y="958" width="866" height="858"/>
	<SubTexture name="right0010" x="971" y="958" width="866" height="858"/>
	<SubTexture name="right0011" x="971" y="958" width="866" height="858"/>
	<SubTexture name="right0012" x="971" y="958" width="866" height="858"/>
	<SubTexture name="right0013" x="971" y="958" width="866" height="858"/>
	<SubTexture name="right0014" x="971" y="958" width="866" height="858"/>
	<SubTexture name="shout0000" x="1937" y="0" width="860" height="861"/>
	<SubTexture name="shout0001" x="1937" y="0" width="860" height="861"/>
	<SubTexture name="shout0002" x="2897" y="0" width="860" height="861"/>
	<SubTexture name="shout0003" x="2897" y="0" width="860" height="861"/>
	<SubTexture name="shout0004" x="2897" y="0" width="860" height="861"/>
	<SubTexture name="shout0005" x="2897" y="0" width="860" height="861"/>
	<SubTexture name="shout0006" x="2897" y="0" width="860" height="861"/>
	<SubTexture name="shout0007" x="2897" y="0" width="860" height="861"/>
	<SubTexture name="shout0008" x="2897" y="0" width="860" height="861"/>
	<SubTexture name="shout0009" x="2897" y="0" width="860" height="861"/>
	<SubTexture name="shout0010" x="2897" y="0" width="860" height="861"/>
	<SubTexture name="shout0011" x="2897" y="0" width="860" height="861"/>
	<SubTexture name="shout0012" x="2897" y="0" width="860" height="861"/>
	<SubTexture name="shout0013" x="2897" y="0" width="860" height="861"/>
	<SubTexture name="shout0014" x="1937" y="0" width="860" height="861"/>
	<SubTexture name="shout0015" x="2897" y="0" width="860" height="861"/>
	<SubTexture name="shout0016" x="2897" y="0" width="860" height="861"/>
	<SubTexture name="shout0017" x="2897" y="0" width="860" height="861"/>
	<SubTexture name="shout0018" x="2897" y="0" width="860" height="861"/>
	<SubTexture name="shout0019" x="2897" y="0" width="860" height="861"/>
	<SubTexture name="shout0020" x="2897" y="0" width="860" height="861"/>
	<SubTexture name="up0000" x="971" y="2874" width="862" height="858"/>
	<SubTexture name="up0001" x="971" y="2874" width="862" height="858"/>
	<SubTexture name="up0002" x="1933" y="2874" width="862" height="858"/>
	<SubTexture name="up0003" x="1933" y="2874" width="862" height="858"/>
	<SubTexture name="up0004" x="1933" y="2874" width="862" height="858"/>
	<SubTexture name="up0005" x="1933" y="2874" width="862" height="858"/>
	<SubTexture name="up0006" x="1933" y="2874" width="862" height="858"/>
	<SubTexture name="up0007" x="1933" y="2874" width="862" height="858"/>
	<SubTexture name="up0008" x="1933" y="2874" width="862" height="858"/>
	<SubTexture name="up0009" x="1933" y="2874" width="862" height="858"/>
	<SubTexture name="up0010" x="1933" y="2874" width="862" height="858"/>
	<SubTexture name="up0011" x="1933" y="2874" width="862" height="858"/>
	<SubTexture name="up0012" x="1933" y="2874" width="862" height="858"/>
	<SubTexture name="up0013" x="1933" y="2874" width="862" height="858"/>
	<SubTexture name="up0014" x="1933" y="2874" width="862" height="858"/>
</TextureAtlas>
